"title","category","prep_time","cook_time","servings","difficulty","ingredients","quantities","instructions","chef_tip"
"Classic Garlic Butter Beef Steak","Non-Veg","10 mins","15 mins","2 servings","Medium","beef,butter,garlic,potato,oil","500g Beef Steak (Ribeye or Sirloin cut)|3 tbsp Butter (Unsalted)|4 cloves Garlic (smashed)|2 medium Potatoes (baked or mashed)|2 tbsp Olive Oil or Cooking Oil|1 tsp Salt & 1 tsp Coarse Black Pepper|Fresh rosemary or thyme sprigs (optional garnish)","Step 1: Bring beef steak to room temperature 20 minutes before cooking. Pat dry thoroughly with paper towels.|Step 2: Season both sides generously with salt and freshly cracked black pepper.|Step 3: Heat 2 tbsp oil in a heavy cast-iron skillet over high flame until smoking hot.|Step 4: Carefully lay down the steak. Sear untouched for 3 to 4 minutes until a deep, caramelized golden-brown crust forms before flipping.|Step 5: Flip the steak. Immediately drop in 3 tbsp butter, smashed garlic cloves, and fresh rosemary sprigs into the pan.|Step 6: Tilt the pan slightly and continuously spoon the sizzling foaming garlic-herb butter over the steak for 2-3 minutes.|Step 7: Transfer steak to a warm cutting board and let rest for 5-8 minutes to lock in the juices. Slice against the grain and serve alongside warm baked potatoes.","Resting the steak for 5-8 minutes after cooking is non-negotiable! It redistributes the juices so every bite is tender and succulent."
"Crispy Garlic Herb Roast Potatoes","Vegetarian","10 mins","30 mins","3-4 servings","Easy","potato,garlic,butter,oil","750g Russet Potatoes (cubed)|3 tbsp Butter|4 cloves Garlic (minced)|2 tbsp Olive Oil|1 tsp Salt|1 tsp Dried Italian Herbs & Black Pepper","Step 1: Preheat oven or skillet. Parboil cubed potatoes in salted water for 5 minutes, then drain and shake vigorously in the colander to roughen edges.|Step 2: Heat olive oil and 1 tbsp butter in a pan over medium heat.|Step 3: Toss potatoes in the pan, spreading in a single layer. Fry or roast for 20 minutes until golden and crispy.|Step 4: In the last 3 minutes, add minced garlic and remaining butter, tossing until aromatic and glazed.|Step 5: Season with sea salt, black pepper, and herbs. Serve piping hot with garlic butter drizzle.","Roughening the potato edges after parboiling creates maximum surface area for that ultra-crispy restaurant crunch."
"Pan-Seared Buttered Steak Bites","Non-Veg","5 mins","10 mins","2-3 servings","Easy","beef,garlic,butter,oil","500g Sirloin or Ribeye Beef (cut into 1-inch cubes)|3 tbsp Butter|4 cloves Garlic (minced)|2 tbsp Cooking Oil|1/2 tsp Salt & 1/2 tsp Coarse Black Pepper|1 tbsp chopped fresh parsley","Step 1: Pat beef cubes dry with paper towels and season with salt and coarse black pepper.|Step 2: Heat 2 tbsp oil in a large cast-iron skillet over smoking high heat.|Step 3: Add beef cubes in a single layer (do not overcrowd) and sear undisturbed for 2 minutes to form a deep crust.|Step 4: Stir and cook for another 2 minutes until browned on all sides.|Step 5: Reduce heat to medium, add butter and minced garlic. Baste the steak bites in the foaming garlic butter for 1 minute.|Step 6: Remove from heat immediately, garnish with fresh parsley, and serve with toothpicks or over rice.","High heat and quick cooking are the secrets to juicy steak bites that stay tender inside."
"Chicken Curry","Non-Veg","15 mins","30 mins","4 servings","Medium","chicken,onion,tomato,garlic,oil","500g Chicken (bone-in or boneless cut into pieces)|2 medium Onions (finely chopped)|3 ripe Tomatoes (pureed or finely diced)|1 tbsp Garlic paste (4-5 cloves)|3 tbsp Cooking Oil|1 tsp Salt|1 tsp Turmeric powder|1 tsp Red Chili powder|1 tsp Garam Masala|Fresh Coriander for garnish","Step 1: Heat 3 tbsp oil in a deep pan or pot over medium flame. Add finely chopped onions and sauté for 6-8 minutes until golden brown.|Step 2: Add 1 tbsp minced garlic (and ginger if available) and sauté for 1 minute until fragrant.|Step 3: Add chicken pieces and sear on high heat for 5 minutes until the chicken changes color to white and is lightly browned.|Step 4: Pour in the pureed tomatoes along with salt, turmeric, red chili, and cumin powder. Stir well and cook until oil starts separating from the gravy (about 6 minutes).|Step 5: Add 1 cup of warm water, cover with a lid, and simmer on low-medium heat for 15-18 minutes until the chicken is tender and cooked through.|Step 6: Sprinkle garam masala and chopped fresh coriander on top. Turn off heat, let it rest for 2 minutes, and serve hot with naan, roti, or steamed basmati rice.","For restaurant-style rich gravy, brown the onions thoroughly before adding garlic and chicken. A dollop of yogurt whisked in at Step 4 adds extra creaminess!"
"Chicken Karahi","Non-Veg","10 mins","25 mins","3-4 servings","Easy","chicken,tomato,garlic,oil,salt","600g Chicken cut into medium pieces|4 large ripe Tomatoes (halved)|1 tbsp freshly minced Garlic|4 tbsp Cooking Oil or Ghee|1 tsp Salt|1 tbsp Crushed Black Pepper|1 tbsp Coriander seeds (crushed)|2-3 fresh Green Chilies (slit)|Fresh ginger juliennes for garnish","Step 1: Heat 4 tbsp oil in a wok (karahi) on high heat. Add the chicken pieces and 1 tsp salt. Fry for 5-7 minutes until chicken turns light golden.|Step 2: Add 1 tbsp minced garlic and stir-fry for 1-2 minutes until aromatic.|Step 3: Place tomato halves skin-side up over the chicken. Cover with a lid and let steam on medium flame for 5 minutes until tomato skins soften.|Step 4: Remove lid, peel off tomato skins easily with tongs, and mash the tomato pulp into the chicken using a spatula.|Step 5: Turn flame to high. Continuously stir-fry until tomato liquid evaporates and oil clearly separates from the thick tomato masala.|Step 6: Stir in crushed black pepper, green chilies, and crushed coriander seeds. Cook for 2 final minutes.|Step 7: Garnish generously with fresh ginger juliennes and cilantro. Serve piping hot directly in the karahi with tandoori naan.","Never add water to a traditional Karahi! The chicken cooks entirely in the natural juices of the tomatoes and high-heat stir frying."
"Creamy Garlic Chicken","Non-Veg","10 mins","20 mins","2-3 servings","Easy","chicken,garlic,butter,milk,cheese","450g Boneless Chicken breast (cut into bite-sized cutlets)|2 tbsp Butter|5 cloves Garlic (minced)|3/4 cup Milk (or heavy cream)|1/2 cup Shredded Cheese (cheddar or mozzarella)|1 tbsp Cooking Oil|1/2 tsp Salt & 1/2 tsp Black Pepper|1 tsp dried Oregano or Italian herbs","Step 1: Season chicken pieces on both sides with salt, black pepper, and oregano.|Step 2: Heat 1 tbsp oil and 1 tbsp butter in a skillet over medium-high heat. Add chicken and sear for 4-5 minutes per side until golden and cooked through. Transfer to a plate.|Step 3: In the same skillet, melt remaining 1 tbsp butter over medium heat. Add minced garlic and sauté for 1 minute until fragrant (do not burn).|Step 4: Lower the flame and gradually pour in milk, whisking constantly to deglaze the flavorful pan drippings.|Step 5: Stir in the shredded cheese and stir until melted into a velvety, smooth sauce.|Step 6: Return the cooked chicken to the skillet, spooning the rich garlic cheese sauce over the top. Simmer gently for 2 minutes.|Step 7: Serve warm over pasta, mashed potatoes, or with crusty garlic bread.","Use whole milk or full cream for the smoothest sauce. Add a pinch of parmesan if you like an extra savory kick."
"Crispy Fried Fish","Seafood","15 mins","12 mins","3-4 servings","Easy","fish,lemon,garlic,oil,flour","750g Fish fillets or steaks (Rohu, Surmai, or Tilapia)|2 tbsp Lemon juice|1 tbsp Garlic paste|3 tbsp Gram flour (besan) or corn flour|3 tbsp Cooking Oil for frying|1 tsp Carom seeds (ajwain)|1 tsp Red chili powder & 1 tsp Cumin|1 tsp Chaat Masala","Step 1: Pat fish cutlets or steaks completely dry with paper towels to ensure a crispy coating.|Step 2: In a bowl, mix lemon juice, garlic paste, crushed carom seeds (ajwain), red chili powder, cumin, salt, and gram flour with a splash of water into a thick spice batter.|Step 3: Coat each fish cutlet thoroughly with the marinade and let rest for 15 minutes.|Step 4: Heat cooking oil in a wide frying pan over medium-high heat.|Step 5: Place fish pieces in the hot oil without overcrowding. Fry for 4-5 minutes on the first side until golden and crunchy.|Step 6: Carefully flip and fry the other side for 3-4 minutes until cooked through and flakey.|Step 7: Drain on paper towels, sprinkle with tangy chaat masala and fresh lemon juice, and serve hot!","Crushed ajwain (carom seeds) and lemon juice cut any fishy odor and give that signature authentic restaurant aroma."
"Traditional Fish Curry","Seafood","15 mins","20 mins","4 servings","Medium","fish,onion,tomato,garlic,oil","600g Fish cutlets or steaks|2 medium Onions (finely grated)|2 ripe Tomatoes (pureed)|1 tbsp Garlic paste|3 tbsp Cooking Oil|1/2 tsp Fenugreek seeds (methi dana)|1 tsp Turmeric & 1 tsp Coriander powder|Fresh coriander and green chilies for garnish","Step 1: Lightly sear fish cutlets in 1 tbsp oil for 2 minutes per side in a wide pan, then set aside.|Step 2: In the same pan, heat remaining oil, crackle fenugreek seeds, and sauté grated onions until golden brown.|Step 3: Add garlic paste, turmeric, coriander, and pureed tomatoes. Cook on medium heat until oil separates from the masala.|Step 4: Pour in 1.5 cups of warm water and bring the curry to a gentle simmer.|Step 5: Carefully slide the fish cutlets into the simmering sauce. Cover and cook on low heat for 8-10 minutes.|Step 6: Gently swirl the pan by the handles (do not stir aggressively with a spoon) to prevent breaking the fish.|Step 7: Garnish with cilantro and green chilies. Serve hot with steamed rice.","Never vigorously stir fish curry with a spoon while cooking! Delicate fish breaks easily, so gently swirl the pan instead."
"Lemon Garlic Butter Fish","Seafood","10 mins","12 mins","2-3 servings","Easy","fish,butter,garlic,lemon","500g Fish steaks or fillets|3 tbsp Butter|4 cloves Garlic (finely minced)|2 tbsp Fresh Lemon juice|1/4 tsp Salt & 1/4 tsp Cracked Black Pepper|1 tbsp fresh chopped parsley","Step 1: Season fish steaks generously with salt and black pepper on both sides.|Step 2: Melt 1.5 tbsp butter in a non-stick skillet over medium-high heat.|Step 3: Add the fish steaks and sear for 3-4 minutes until golden on the bottom.|Step 4: Flip carefully and cook the other side for 2-3 minutes until the fish flakes easily with a fork.|Step 5: Add minced garlic and remaining butter to the pan, swirling for 1 minute until aromatic.|Step 6: Remove pan from heat, squeeze fresh lemon juice over the fish, and spoon the sizzling lemon-garlic butter sauce on top.|Step 7: Garnish with fresh parsley and serve immediately.","Cold butter swirled into the pan at the very end emulsifies with lemon juice for a velvety gourmet pan sauce."
"Traditional Beef Curry","Non-Veg","20 mins","45 mins","4 servings","Medium","beef,onion,tomato,garlic,oil","600g Beef cut into bite-sized cubes|2 large Onions (sliced)|3 ripe Tomatoes (chopped)|1.5 tbsp Garlic paste|3 tbsp Cooking Oil|1 tsp Salt|1 tsp Turmeric & 1.5 tsp Red Chili powder|1 tsp Garam Masala|Fresh coriander and ginger juliennes","Step 1: Heat 3 tbsp oil in a pressure cooker or heavy-bottomed pot. Add sliced onions and fry for 8-10 minutes until deep golden brown.|Step 2: Add garlic paste and beef cubes. Sauté on high flame for 5-6 minutes until beef is seared on all sides.|Step 3: Add chopped tomatoes, salt, turmeric, and chili powder. Cook until tomatoes are soft and oil separates.|Step 4: Pour in 2 cups of water. Cover and pressure cook for 25-30 minutes (or simmer covered on low heat for 50 minutes) until beef is melt-in-the-mouth tender.|Step 5: Open lid, simmer on medium heat to thicken gravy to desired consistency.|Step 6: Sprinkle garam masala, fresh coriander, and ginger juliennes on top. Serve hot with warm naan or roti.","Cooking beef low and slow breaks down the connective tissues, making the gravy rich and the meat tender."
"Beef Pepper Stir Fry","Non-Veg","15 mins","15 mins","3 servings","Easy","beef,bell pepper,onion,garlic,oil,rice","400g Tender Beef steak (thinly sliced across grain)|1 large Bell Pepper (sliced into strips)|1 medium Onion (cut into wedges)|3 cloves Garlic (minced)|2 tbsp Cooking Oil|2 tbsp Soy Sauce|1/2 tsp Black Pepper|2 cups Steamed Rice for serving","Step 1: Slice beef very thinly against the grain. Toss with 1 tbsp soy sauce and black pepper.|Step 2: Heat 1 tbsp oil in a wide wok over high heat. Add beef slices in a single layer and sear for 2 minutes without stirring until caramelized. Stir and cook 1 more minute, then transfer to a plate.|Step 3: Add remaining 1 tbsp oil to the hot wok. Add minced garlic, sliced onions, and bell peppers. Stir-fry vigorously on high flame for 2-3 minutes until crisp-tender.|Step 4: Return the seared beef and its juices to the wok. Drizzle remaining soy sauce.|Step 5: Toss everything together on high heat for 1 minute until glossy and combined.|Step 6: Serve immediately over warm steamed rice.","Slicing beef thinly against the grain guarantees tender stir-fried beef that cooks in just 3 minutes."
"Chicken Fried Rice","Non-Veg","15 mins","15 mins","3 servings","Easy","chicken,rice,carrot,garlic,oil,egg","2 cups Cooked Rice (cold or day-old preferred)|200g Chicken breast (finely diced)|2 Eggs (lightly beaten)|1 medium Carrot (finely diced)|3 cloves Garlic (minced)|2 tbsp Cooking Oil|1 tbsp Soy Sauce|1/2 tsp Salt & 1/2 tsp White Pepper|Chopped green onions","Step 1: Heat 1 tbsp oil in a wide wok or large pan over high heat. Add beaten eggs and scramble quickly for 30 seconds until just set. Remove and set aside.|Step 2: Add remaining 1 tbsp oil to the wok. Add diced chicken and stir-fry on high flame for 3-4 minutes until cooked through and lightly browned.|Step 3: Toss in minced garlic and diced carrots. Stir-fry vigorously for 1-2 minutes until crisp-tender.|Step 4: Add the cold cooked rice, breaking up any clumps with your spatula. Stir-fry on high heat for 2 minutes.|Step 5: Drizzle soy sauce evenly around the rim of the wok and season with salt and white pepper. Toss everything together for 1-2 minutes until thoroughly heated.|Step 6: Fold back in the scrambled eggs and chopped green onions. Toss for 30 seconds and serve hot!","Using day-old refrigerated rice is the golden rule! Fresh hot rice releases moisture and turns mushy when stir-fried."
"Classic Scrambled Eggs","Breakfast","5 mins","5 mins","2 servings","Easy","egg,butter,salt,milk","4 large Fresh Eggs|2 tbsp Milk|1.5 tbsp Butter|1/4 tsp Salt|Pinch of Freshly Ground Black Pepper|Chopped chives or parsley (optional)","Step 1: Crack 4 eggs into a bowl, add 2 tbsp milk, salt, and pepper. Whisk vigorously for 30 seconds until completely uniform and slightly frothy.|Step 2: Melt 1.5 tbsp butter in a non-stick skillet over low-medium heat until foaming but not browned.|Step 3: Pour in egg mixture. Let it sit untouched for 20 seconds until the edges barely begin to set.|Step 4: Using a silicone spatula, gently sweep across the pan in long strokes to form soft, pillowy curds.|Step 5: Remove pan from heat while eggs still look slightly glossy and underdone (residual heat finishes cooking them perfectly).|Step 6: Transfer immediately to plates. Top with fresh black pepper and herbs. Serve with warm buttered toast.","Low and slow heat is the secret to velvety, creamy scrambled eggs that never dry out."
"Tomato Cheese Omelet","Breakfast","5 mins","8 mins","1-2 servings","Easy","egg,tomato,cheese,salt,oil","3 large Eggs|1 small ripe Tomato (seeded and finely diced)|1/3 cup Shredded Cheese|1 tbsp Cooking Oil or Butter|1/4 tsp Salt & pinch of Black Pepper|Fresh herbs (cilantro or basil)","Step 1: Whisk eggs in a bowl with salt and black pepper until well combined.|Step 2: Heat 1 tbsp oil in an 8-inch non-stick skillet over medium flame.|Step 3: Pour the beaten eggs into the hot skillet, tilting the pan so eggs spread evenly across the surface.|Step 4: When eggs are halfway set (about 2 minutes), sprinkle diced tomatoes and shredded cheese across one half of the omelet.|Step 5: Carefully fold the empty half over the filled half using a spatula to form a neat semi-circle.|Step 6: Cook for another 1 minute until the cheese melts into gooey perfection. Slide onto a plate and enjoy hot!","Removing excess seeds and juice from the tomato prevents the omelet from becoming watery."
"Shakshuka","Breakfast","10 mins","20 mins","2-3 servings","Easy","egg,tomato,onion,garlic,pepper,oil","4 large Eggs|3 large ripe Tomatoes (chopped)|1 medium Onion (chopped)|3 cloves Garlic (minced)|1 Bell Pepper (sliced)|2 tbsp Olive Oil or Cooking Oil|1 tsp Cumin powder|1 tsp Paprika or Chili powder|Salt & Black Pepper to taste|Fresh parsley or cilantro","Step 1: Heat 2 tbsp oil in a skillet over medium heat. Add chopped onions and bell pepper; sauté for 5 minutes until soft and sweet.|Step 2: Stir in minced garlic, cumin, paprika, salt, and black pepper. Cook for 1 minute until wonderfully fragrant.|Step 3: Add the chopped tomatoes. Simmer gently for 8-10 minutes, mashing slightly, until a thick, rich tomato sauce forms.|Step 4: Use a large spoon to make 4 small wells or depressions in the simmering sauce.|Step 5: Carefully crack an egg directly into each well. Season egg tops with a pinch of salt.|Step 6: Cover the skillet with a lid, reduce flame to low, and cook for 5-8 minutes until egg whites are firmly set but yolks are still delightfully runny.|Step 7: Garnish with fresh parsley. Serve hot directly from the pan with crusty warm bread for dipping into the yolks.","Dip warm pita or sourdough bread straight into the spiced tomato sauce and runny egg yolks!"
"Garlic Fried Rice","Fast & Easy","5 mins","10 mins","2 servings","Easy","rice,garlic,oil,egg","2.5 cups Cooked Rice (cold)|6 cloves Garlic (thinly sliced or minced)|2 tbsp Cooking Oil|1 large Egg|1/2 tsp Salt & 1/2 tsp Black Pepper|1 tbsp Soy Sauce (optional)","Step 1: Heat 2 tbsp oil in a wok or skillet over medium flame. Add sliced garlic and fry for 2-3 minutes until golden brown and crispy. Spoon out half the crispy garlic for topping later.|Step 2: Push remaining garlic to the side of the pan. Crack the egg into the center and scramble for 40 seconds.|Step 3: Add the cold cooked rice to the wok. Increase heat to high.|Step 4: Stir-fry rice continuously for 3-4 minutes, pressing out clumps so every grain is coated in garlic oil.|Step 5: Season with salt, black pepper, and optional soy sauce. Toss well for 1 minute.|Step 6: Dish out into bowls and top with the reserved golden crispy garlic chips.","The crispy garlic chips on top give an irresistible aroma and crunch to this classic comfort dish."
"Tomato Mozzarella Salad","Fast & Easy","5 mins","0 mins","2 servings","Easy","tomato,cheese,oil","3 ripe large Tomatoes (sliced into rounds)|150g Fresh Mozzarella or white cheese (sliced)|2 tbsp Olive Oil|Pinch of Salt & Coarse Black Pepper|Fresh Basil leaves (or dried oregano)","Step 1: Wash and slice tomatoes into 1/4-inch thick uniform rounds.|Step 2: Slice the cheese into matching rounds.|Step 3: Arrange alternating slices of tomato and cheese overlapping in a circular pattern on a serving platter.|Step 4: Tuck fresh basil leaves between the tomato and cheese slices.|Step 5: Drizzle high-quality olive oil generously over the entire dish.|Step 6: Season with freshly ground black pepper and a pinch of flaky sea salt. Serve immediately chilled or at room temperature.","Best made with ripe, sweet in-season tomatoes. A dash of balsamic glaze adds a gourmet sweet-tangy finish."
"Butter Chicken (Murgh Makhani)","Non-Veg","15 mins","25 mins","4 servings","Medium","chicken,butter,tomato,onion,garlic,yogurt","600g Boneless Chicken (cut into cubes)|3 tbsp Butter (divided)|1 cup Tomato puree|1 medium Onion (pureed)|1 tbsp Garlic paste|1/2 cup Plain Yogurt|1/2 cup Cream or Milk|1 tsp Garam Masala & 1 tsp Kashmiri Chili|1 tsp Sugar & Salt","Step 1: Marinate chicken cubes in yogurt, half the garlic paste, chili powder, and salt for 15 minutes.|Step 2: Heat 1 tbsp butter in a pan over high heat. Sear chicken cubes for 5-6 minutes until golden brown with slight char marks; remove to a plate.|Step 3: In the same pan, melt 2 tbsp butter over medium flame. Add onion puree and remaining garlic; sauté for 4-5 minutes until aromatic.|Step 4: Pour in tomato puree, garam masala, salt, and a pinch of sugar. Simmer for 8 minutes until the sauce deepens in color and butter begins to surface.|Step 5: Stir in cream or milk, creating a velvety orange-red makhani sauce.|Step 6: Return seared chicken to the simmering sauce and cook gently for 5 minutes.|Step 7: Finish with a knob of fresh butter and crushed kasuri methi (dried fenugreek). Serve hot with garlic naan or basmati rice.","A pinch of sugar balances the acidity of the tomatoes and elevates the rich buttery aroma to restaurant standards."
"Crispy Golden Fried Chicken","Fast & Easy","10 mins","15 mins","3-4 servings","Easy","chicken,flour,egg,oil,garlic","500g Chicken tenders or boneless strips|1 cup All-Purpose Flour|2 large Eggs (beaten)|1 tbsp Garlic powder or paste|2 cups Cooking Oil for frying|1 tsp Paprika & 1 tsp Black Pepper|1 tsp Salt","Step 1: Pat chicken strips completely dry with paper towels. Season with garlic, salt, and black pepper.|Step 2: Set up a dredging station: whisk eggs in one bowl, and mix flour with paprika and salt in a second bowl.|Step 3: Dip each chicken strip into flour, then coat thoroughly in beaten egg, and dredge again in flour for an extra crispy crust.|Step 4: Heat cooking oil in a deep skillet to 350°F (175°C).|Step 5: Fry chicken strips in batches for 5-6 minutes, flipping halfway until deeply golden brown and crunchy.|Step 6: Drain on a wire rack or paper towels. Serve hot with garlic mayo or chili dip.","Double dredging (flour -> egg -> flour) creates those signature flaky, crispy restaurant ripples on the crust."
"Spicy Chicken Tikka Boti","Non-Veg","20 mins","15 mins","3-4 servings","Easy","chicken,yogurt,lemon,garlic,oil","600g Boneless Chicken (cut into 1.5-inch cubes)|1/2 cup Thick Yogurt (whisked)|2 tbsp Lemon juice|1 tbsp Garlic paste|2 tbsp Cooking Oil|1.5 tsp Red Chili flakes & Cumin powder|1 tsp Salt & Chaat Masala","Step 1: Pierce chicken cubes lightly with a fork to allow the marinade to penetrate deeply.|Step 2: In a mixing bowl, combine yogurt, lemon juice, garlic paste, oil, chili flakes, cumin, and salt into a vibrant marinade.|Step 3: Coat chicken cubes thoroughly and marinate for at least 20 minutes.|Step 4: Thread chicken cubes onto skewers or prepare a hot cast-iron grill pan with 1 tbsp oil.|Step 5: Grill or pan-sear on high heat for 3-4 minutes per side until charred on the edges and cooked through.|Step 6: Baste with a drop of oil or butter during the last minute for a smoky gloss.|Step 7: Dust with tangy chaat masala and fresh lemon wedges; serve with mint chutney and warm paratha.","Using thick hung curd or Greek yogurt keeps the marinade clinging to the chicken without dripping off in the pan."
"Garlic Lemon Herb Grilled Chicken","Fast & Easy","10 mins","12 mins","2 servings","Easy","chicken,lemon,garlic,butter,oil","2 large Chicken Breasts (butterflied)|3 tbsp Butter|1 large Lemon (juiced and zested)|4 cloves Garlic (minced)|2 tbsp Olive Oil|1 tsp Dried Oregano or Italian Seasoning|1/2 tsp Salt & 1/2 tsp Black Pepper","Step 1: Butterfly chicken breasts horizontally so they cook evenly without drying out.|Step 2: Rub chicken with olive oil, minced garlic, lemon zest, oregano, salt, and black pepper.|Step 3: Heat a skillet or grill pan over medium-high heat with 1 tbsp oil.|Step 4: Sear chicken untouched for 4-5 minutes until golden brown on the first side.|Step 5: Flip chicken, immediately drop butter and fresh lemon juice into the pan.|Step 6: Spoon sizzling lemon garlic butter over the breasts for 3-4 minutes until cooked through.|Step 7: Let rest for 5 minutes before slicing against the grain. Serve with salad or steamed rice.","Pounding chicken breasts to an even 1/2-inch thickness ensures the edges won't dry out before the center cooks through."
"Chicken Biryani (Dum Style)","Non-Veg","20 mins","35 mins","5-6 servings","Medium","chicken,rice,onion,tomato,garlic,yogurt,oil","700g Chicken (bone-in preferred)|2.5 cups Long-grain Basmati Rice (soaked for 30 mins)|2 large Onions (thinly sliced)|2 ripe Tomatoes (sliced)|1 tbsp Garlic paste|1/2 cup Yogurt|4 tbsp Cooking Oil or Ghee|Whole spices|1 tsp Biryani masala & salt","Step 1: Parboil soaked basmati rice in salted water with whole spices for 5-6 minutes until 70% cooked; drain and set aside.|Step 2: Heat oil in a heavy-bottomed pot, fry sliced onions until crispy golden brown. Set half aside for layering.|Step 3: Add garlic paste, chicken pieces, and cook for 5 minutes on high heat until chicken sears.|Step 4: Stir in yogurt, sliced tomatoes, biryani masala, and salt. Cook on medium heat for 10 minutes until chicken is tender.|Step 5: Layer the parboiled rice over the chicken masala. Top with reserved fried onions and a drizzle of ghee.|Step 6: Seal the pot tightly with lid. Cook on ultra-low heat (Dum) for 15 minutes.|Step 7: Gently fluff rice from the bottom with a flat spoon and serve hot with raita.","Never stir biryani vigorously after steaming! Use a flat saucer or gentle spatula strokes to avoid breaking long basmati rice grains."
"Creamy Chicken Alfredo Pasta","Fast & Easy","10 mins","18 mins","3 servings","Easy","chicken,pasta,butter,milk,cheese,garlic","300g Fettuccine or Penne Pasta|350g Boneless Chicken Breast (sliced)|3 tbsp Butter|1 cup Milk or Heavy Cream|3/4 cup Shredded Cheese|4 cloves Garlic (minced)|1 tbsp Olive Oil|1/2 tsp Salt & Black Pepper","Step 1: Boil pasta in a large pot of salted water until al dente; drain and reserve 1/2 cup pasta water.|Step 2: Heat olive oil and 1 tbsp butter in a large skillet. Sear seasoned chicken slices for 5-6 minutes until golden; remove to a plate.|Step 3: In the same skillet, melt remaining 2 tbsp butter over medium heat. Add minced garlic and sauté for 1 minute.|Step 4: Lower heat, slowly pour in milk while whisking to blend with pan drippings.|Step 5: Gradually stir in shredded cheese on low heat until melted into a rich Alfredo sauce.|Step 6: Toss warm cooked pasta and seared chicken directly into the skillet, stirring until coated.|Step 7: Serve immediately topped with extra cracked black pepper and fresh herbs.","Keep the sauce on low heat when adding cheese; excessive heat causes dairy to separate."
"Comforting Chicken Corn Soup","Fast & Easy","10 mins","15 mins","4 servings","Easy","chicken,egg,flour,butter","300g Chicken Breast (shredded)|1 cup Sweet Corn kernels|2 large Eggs (lightly beaten)|2 tbsp All-purpose or Corn flour (dissolved in water)|1 tbsp Butter|4 cups Chicken broth|1/2 tsp White Pepper & 1 tsp Salt","Step 1: Simmer chicken breast in 4 cups water with salt and butter for 10 minutes until cooked. Shred chicken finely.|Step 2: Return shredded chicken to the simmering broth along with sweet corn.|Step 3: Bring to a gentle boil on medium flame. Season with white pepper and salt.|Step 4: Slowly pour in the flour slurry while stirring continuously to thicken the broth.|Step 5: Reduce heat to low. Slowly drizzle beaten eggs into the swirling soup in a thin stream to create silky egg ribbons.|Step 6: Let simmer for 1 final minute without heavy stirring.|Step 7: Ladle into warm bowls and serve with chili vinegar and soy sauce.","Pour beaten eggs from high up in a steady thin stream while gently swirling soup in one direction for silky ribbons."
"Spicy Chicken Shawarma Roll","Fast & Easy","15 mins","15 mins","3 servings","Easy","chicken,garlic,yogurt,lemon,onion,bread","450g Boneless Chicken Thighs or Breasts (thinly sliced)|3 Flatbreads, Pita, or Naan|1/3 cup Plain Yogurt|1 tbsp Minced Garlic|2 tbsp Lemon juice|1 medium Onion (thinly sliced)|2 tbsp Cooking Oil|1 tsp Cumin, Coriander & Paprika|1/2 tsp Salt & Black Pepper","Step 1: Whisk yogurt, lemon juice, garlic, cumin, coriander, paprika, salt, and 1 tbsp oil in a bowl.|Step 2: Toss thinly sliced chicken in marinade and let sit for 15 minutes.|Step 3: Heat 1 tbsp oil in a skillet over high heat. Add chicken slices in a single layer and sear undisturbed for 3 minutes for char marks.|Step 4: Stir-fry for another 4 minutes until thoroughly cooked and juicy.|Step 5: Warm flatbreads or pita on a dry skillet until soft and pliable.|Step 6: Spread garlic sauce across the bread. Pile seared chicken and sliced onions in the center.|Step 7: Roll tightly into a wrap, slice diagonally, and enjoy hot.","Thinly slicing chicken and searing on high heat mimics the authentic rotating spit char without drying out meat."
"Pan-Seared Fish Steaks in Skillet","Seafood","10 mins","10 mins","2-3 servings","Easy","fish,lemon,garlic,oil,onion","500g Fish Steaks (Surmai, Kingfish, or Salmon)|2 tbsp Lemon juice|1 tbsp Minced Garlic|2 tbsp Cooking Oil|1 small Onion (sliced rings for garnish)|1 tsp Red chili powder & 1 tsp Cumin|1 tsp Salt & Fresh coriander","Step 1: Pat fish steaks completely dry with paper towels to ensure a crisp sear.|Step 2: Rub steaks generously with lemon juice, minced garlic, red chili, cumin, and salt. Marinate for 10 minutes.|Step 3: Heat 2 tbsp oil in a heavy cast-iron skillet over medium-high flame until shimmering.|Step 4: Place seasoned fish steaks into the hot pan. Sear untouched for 4 minutes until a deep golden spiced crust forms.|Step 5: Carefully flip steaks and cook the reverse side for 3-4 minutes until the fish flakes effortlessly with a fork.|Step 6: Squeeze extra fresh lemon juice over the sizzling steaks directly in the pan.|Step 7: Garnish with sliced onion rings, green chilies, and fresh coriander. Serve piping hot with mint dip or roti.","Searing on medium-high heat in a cast-iron skillet creates that deep restaurant crust without drying out the delicate fish interior."
"Tandoori Spiced Fish Tikka","Seafood","15 mins","12 mins","3-4 servings","Easy","fish,yogurt,lemon,garlic,oil","600g Boneless Fish fillets (cut into 2-inch chunks)|1/3 cup Thick Yogurt|2 tbsp Lemon juice|1 tbsp Garlic paste|2 tbsp Cooking Oil|1 tsp Chaat Masala|1 tsp Ajwain (carom seeds) & Paprika","Step 1: Mix yogurt, lemon juice, garlic paste, oil, crushed ajwain (carom seeds), paprika, and salt in a bowl.|Step 2: Gently coat fish pieces with marinade. Rest for 15 minutes.|Step 3: Heat a grill pan or skillet with 1 tbsp oil over high heat.|Step 4: Place marinated fish cubes in a single layer without crowding.|Step 5: Sear for 3-4 minutes per side until charred on edges and tender inside.|Step 6: Dust with tangy chaat masala and lemon juice; serve hot with mint chutney.","Ajwain (carom seeds) is the traditional secret that cuts any fish odor and gives an authentic tandoori aroma."
"Crispy Fish & Potato Chips","Fast & Easy","15 mins","15 mins","2-3 servings","Easy","fish,potato,flour,oil,lemon","450g White fish fillets (Cod, Tilapia, or Snapper)|2 large Potatoes (cut into thick chip batons)|1 cup All-purpose Flour|Cooking Oil for deep frying|1 tsp Salt & 1/2 tsp Black pepper|Lemon wedges and tartar sauce","Step 1: Parboil potato batons for 4 minutes, drain and dry completely. Fry in hot oil at 325°F for 5 minutes until soft; drain.|Step 2: Whisk flour, salt, pepper, and cold sparkling or still water into a smooth, thick batter.|Step 3: Increase oil temperature to 375°F (190°C).|Step 4: Dip fish fillets into the batter and slide gently into the hot oil. Fry for 4-5 minutes until puffed and golden brown.|Step 5: Re-fry potatoes for 2 minutes on high heat until deeply crunchy.|Step 6: Drain on wire rack, sprinkle flaky sea salt, and serve with fresh lemon wedges.","Double frying the potatoes guarantees maximum crunch on the outside while staying fluffy inside."
"Creamy Garlic Butter Fish Fillet","Fast & Easy","10 mins","12 mins","2-3 servings","Easy","fish,butter,garlic,milk,cheese","500g Fish fillets (Sole or Tilapia)|3 tbsp Butter|4 cloves Garlic (minced)|1/2 cup Milk or Cream|1/3 cup Shredded Mozzarella or Parmesan|1/2 tsp Salt & Black pepper|Fresh parsley","Step 1: Season fish fillets with salt and black pepper on both sides.|Step 2: Melt 1.5 tbsp butter in a non-stick skillet over medium-high heat.|Step 3: Sear fish fillets for 3 minutes per side until golden; gently transfer to a plate.|Step 4: In the same pan, melt remaining butter and sauté minced garlic for 1 minute.|Step 5: Reduce heat to low, pour in milk while whisking, then stir in shredded cheese until creamy and smooth.|Step 6: Return fish fillets to pan, spooning velvety garlic cheese sauce over the top. Simmer for 2 minutes.|Step 7: Garnish with chopped fresh parsley and serve warm.","Delicate white fish cooks very quickly; simmer for just 2 minutes in sauce to avoid overcooking."
"Spicy Fish Karahi","Seafood","10 mins","18 mins","3-4 servings","Easy","fish,tomato,garlic,onion,oil","600g Fish cutlets|3 ripe Tomatoes (chopped)|1 medium Onion (finely chopped)|1 tbsp Garlic paste|3 tbsp Cooking Oil|1 tsp Salt & 1 tsp Crushed black pepper|Green chilies and fresh ginger juliennes","Step 1: Heat oil in a wok (karahi) over medium flame. Sauté chopped onions until translucent.|Step 2: Add garlic paste and cook for 1 minute until fragrant.|Step 3: Add chopped tomatoes and salt. Cook until tomatoes breakdown into a rich, pulpy masala.|Step 4: Gently arrange fish cutlets into the simmering tomato masala.|Step 5: Cover and cook on low-medium flame for 6-8 minutes without stirring violently.|Step 6: Swirl the wok gently by handles, sprinkle crushed black pepper and green chilies on top.|Step 7: Garnish with ginger juliennes and serve hot directly in the karahi with naan.","Never vigorously stir fish with a ladle while cooking in a karahi; swirling the pan keeps fish cutlets intact."
"Traditional Beef Karahi","Non-Veg","15 mins","35 mins","4 servings","Medium","beef,tomato,garlic,oil,salt","650g Tender Beef cubes (boneless)|4 ripe Tomatoes (halved)|1.5 tbsp Garlic paste|4 tbsp Cooking Oil or Ghee|1 tsp Salt|1.5 tsp Crushed black pepper & roasted cumin|Ginger juliennes and green chilies","Step 1: Par-cook or pressure cook beef cubes with salt and 1 cup water for 18 minutes until 80% tender; retain remaining broth.|Step 2: Heat 4 tbsp oil in a wok (karahi) over high flame. Add cooked beef and garlic paste; stir-fry vigorously for 4 minutes until golden.|Step 3: Place tomato halves skin-side up on top. Cover and steam for 5 minutes until skins loosen.|Step 4: Peel off skins easily with tongs and mash the sweet tomato pulp into the searing meat.|Step 5: Turn flame to high and sauté until liquid evaporates and a thick, glistening red masala coats the beef.|Step 6: Stir in crushed black pepper, green chilies, and cumin.|Step 7: Garnish with fresh ginger juliennes and cilantro. Serve piping hot directly in the karahi with tandoori roti.","Pre-tenderizing the beef in a pressure cooker before wok-frying ensures melt-in-the-mouth beef with high-heat restaurant char."
"Aromatic Beef Biryani","Non-Veg","20 mins","45 mins","5-6 servings","Medium","beef,rice,onion,tomato,garlic,yogurt,oil","700g Beef cubes (bone-in or boneless)|2.5 cups Aged Basmati Rice (soaked for 30 mins)|2 large Onions (sliced into rings)|3 ripe Tomatoes (chopped)|1.5 tbsp Garlic paste|1/2 cup Whisked Yogurt|4 tbsp Cooking Oil|Whole biryani spices (cardamom, cinnamon, cloves, bay leaf)|1 tsp Biryani masala & salt","Step 1: Parboil soaked basmati rice with whole spices in salted water for 6 minutes until 70% done; drain and set aside.|Step 2: Heat oil in a heavy pot, deep fry sliced onions until golden brown (birista). Remove half for topping.|Step 3: Add garlic paste, beef cubes, and sear on high flame for 5 minutes.|Step 4: Add chopped tomatoes, yogurt, biryani masala, and salt. Add 1.5 cups water, cover and simmer on low for 30 minutes until beef is succulent and gravy is thick.|Step 5: Spread parboiled rice over the beef masala layer. Garnish with reserved golden onions.|Step 6: Cover tightly with foil and lid; steam on lowest heat (Dum) for 15 minutes.|Step 7: Gently fluff with a flat saucer and serve with cool cucumber raita.","Allowing beef to simmer slowly in spiced yogurt gravy allows the complex flavors to penetrate right to the bone."
"Crispy Beef Chilli Dry","Fast & Easy","15 mins","12 mins","3 servings","Easy","beef,bell pepper,onion,garlic,flour,oil","400g Beef Steak (cut into thin finger strips)|1 large Bell pepper (julienned)|1 medium Onion (sliced)|1 tbsp Minced Garlic|2 tbsp All-Purpose Flour or Corn flour|3 tbsp Cooking Oil|2 tbsp Soy Sauce|1/2 tsp Salt & 1/2 tsp Black pepper","Step 1: Slice beef very thinly against the grain into long strips. Toss with salt, pepper, and flour until lightly coated.|Step 2: Heat 2 tbsp oil in a wide skillet or wok on high heat. Add beef strips in a single layer and sear untouched for 2 minutes for a crisp crust; flip and cook 1 more minute. Transfer to a plate.|Step 3: Add 1 tbsp oil to the hot wok. Toss in minced garlic, sliced onions, and bell peppers. Stir-fry vigorously on high flame for 2 minutes until crisp-tender.|Step 4: Return crispy beef strips to the wok.|Step 5: Drizzle soy sauce and chili vinegar. Toss continuously on smoking high heat for 1 minute.|Step 6: Serve immediately alongside steamed jasmine rice or garlic noodles.","Slicing against the grain and coating in a light dusting of flour gives crispy exterior edges while keeping beef juicy inside."
"Spicy Beef Boti Kebab","Non-Veg","20 mins","15 mins","3-4 servings","Easy","beef,yogurt,lemon,garlic,oil,onion","600g Tender Beef undercut (cut into bite-sized cubes)|1/2 cup Thick Yogurt|2 tbsp Lemon juice|1.5 tbsp Garlic paste|2 tbsp Cooking Oil|1 tsp Chaat Masala|1.5 tsp Crushed red chili & cumin|Thinly sliced onion rings for serving","Step 1: Pierce beef cubes with a fork. In a bowl, mix yogurt, lemon juice, garlic, oil, crushed chili, cumin, and salt.|Step 2: Massage marinade thoroughly into beef cubes. Let rest for at least 30 minutes (or overnight) for deep tenderness.|Step 3: Heat a grill pan or cast-iron skillet over high flame with 1 tbsp oil.|Step 4: Place marinated beef boti on skewers or directly on the hot pan in a single layer.|Step 5: Sear on high heat for 3-4 minutes per side until charred on the edges and tender inside.|Step 6: Brush with butter or oil during the last minute for a glossy finish.|Step 7: Dust with tangy chaat masala and fresh lemon juice; serve with mint sauce and warm naan.","Using beef undercut or tenderloin cut gives melt-in-the-mouth kebabs that cook in just 10-12 minutes on the stovetop."
"Spicy Masala Egg Bhurji","Breakfast","5 mins","10 mins","2 servings","Easy","egg,onion,tomato,garlic,oil,butter","4 large Eggs|1 medium Onion (finely chopped)|2 ripe Tomatoes (diced)|1 tsp Minced garlic|1 tbsp Butter & 1 tbsp Oil|1/2 tsp Turmeric & 1/2 tsp Red chili powder|Fresh cilantro and green chilies","Step 1: Crack eggs into a bowl, whisk lightly with a pinch of salt and set aside.|Step 2: Heat 1 tbsp oil and 1 tbsp butter in a skillet over medium flame. Sauté chopped onions until golden.|Step 3: Add minced garlic and diced tomatoes. Cook for 3 minutes until tomatoes turn pulpy and soft.|Step 4: Stir in turmeric and red chili powder for 30 seconds.|Step 5: Pour in the beaten eggs. Stir gently with a spatula over medium-low heat, breaking into soft, spiced curds.|Step 6: Cook until eggs are just set but still juicy and soft (about 2 minutes).|Step 7: Sprinkle fresh cilantro and chopped green chilies on top; serve piping hot with buttered toast or paratha.","Do not overcook the eggs! Remove from heat while they still appear slightly glossy; residual pan heat finishes cooking them."
"Crispy Egg Paratha Roll","Fast & Easy","10 mins","10 mins","2 servings","Easy","egg,bread,onion,oil,tomato","2 Flatbreads, Parathas, or Tortillas|2 large Eggs|1 small Onion (sliced thin)|1 small Tomato (diced)|1 tbsp Cooking Oil|Pinch of Chaat Masala & Salt","Step 1: Beat 1 egg with salt and pepper in a small bowl.|Step 2: Heat 1 tsp oil in a flat pan. Pour egg into pan, tilting to form a thin circular omelet.|Step 3: Immediately press a flatbread or paratha directly on top of the raw wet side of the egg so it adheres.|Step 4: Flip and toast the other side for 1 minute until crispy golden.|Step 5: Transfer egg-side-up to a plate. Sprinkle sliced onions, tomatoes, and tangy chaat masala down the center.|Step 6: Roll tightly into a cylindrical wrap, wrap in paper or foil, and serve with chutney.","Pressing the flatbread onto the egg while it is still wet bonds the two together into a seamless street-style roll."
"Fragrant Vegetable Rice Pilaf","Vegetarian","10 mins","20 mins","3-4 servings","Easy","rice,onion,carrot,potato,garlic,oil","2 cups Basmati Rice (washed & drained)|1 medium Potato (cubed)|1 medium Carrot (diced)|1 large Onion (thinly sliced)|1 tbsp Garlic paste|3 tbsp Cooking Oil|1 tsp Cumin seeds|3.5 cups Warm water & 1.5 tsp Salt","Step 1: Heat oil in a heavy-bottomed pot. Crackle cumin seeds, then sauté sliced onions for 6 minutes until golden brown.|Step 2: Add garlic paste, diced carrots, and potatoes; stir-fry for 3 minutes.|Step 3: Add drained basmati rice and gently sauté for 1 minute to coat grains with aromatic oil.|Step 4: Pour in warm water and salt. Bring to a rolling boil on high heat.|Step 5: When water reduces to the level of the rice, lower heat to lowest setting.|Step 6: Cover tightly with a heavy lid and steam (Dum) for 12 minutes.|Step 7: Let rest for 5 minutes, fluff gently with a fork, and serve hot.","Sautéing dry raw rice grains in oil before adding water seals the starch and guarantees fluffy separated rice grains."
